,city,total_absences,percent_missed
0,Kansas City,12,31.5789473684211
1,Topeka,5,10.6382978723404
2,Kansas City,5,10.6382978723404
3,Kansas City,13,27.6595744680851
4,Topeka,5,10.6382978723404
5,Overland Park,12,25.531914893617
6,White Cloud,8,17.0212765957447
7,Topeka,15,31.9148936170213
8,Kansas City,12,25.531914893617
9,Topeka,5,10.6382978723404
10,Kansas City,6,12.7659574468085
11,Kansas City,16,34.0425531914894
12,Kansas City,12,25.531914893617
13,Overland Park,5,10.6382978723404
14,Topeka,16,34.0425531914894
15,Overland Park,15,31.9148936170213
16,Topeka,9,19.5652173913043
17,Topeka,8,17.0212765957447
18,Bronson,23,48.936170212766
19,Overland Park,8,17.0212765957447
20,Topeka,17,36.1702127659575
21,Kansas City,5,10.8695652173913
22,Topeka,15,31.9148936170213
23,Topeka,19,40.4255319148936
24,Topeka,6,12.7659574468085
25,Kansas City,5,10.6382978723404
26,Topeka,10,21.2765957446808
27,Topeka,7,14.8936170212766
28,Overland Park,5,10.6382978723404
29,Topeka,13,27.6595744680851
30,Topeka,7,20.5882352941176
31,New Albany,10,21.2765957446808
32,Topeka,21,44.6808510638298
33,Topeka,6,12.7659574468085
34,Topeka,10,21.2765957446808
35,Topeka,9,19.1489361702128
36,Topeka,10,50
37,Topeka,14,29.7872340425532
38,Topeka,9,19.1489361702128
39,Topeka,8,17.0212765957447
40,Overland Park,5,10.6382978723404
41,Topeka,6,12.7659574468085
42,Overland Park,5,10.6382978723404
43,Topeka,9,19.1489361702128
44,Topeka,7,23.3333333333333
45,Topeka,6,12.7659574468085
46,Topeka,8,17.0212765957447
47,Topeka,12,25.531914893617
48,Topeka,5,10.6382978723404
49,Topeka,11,23.4042553191489
50,Topeka,17,36.1702127659575
51,Topeka,10,21.2765957446808
52,Topeka,11,23.4042553191489
53,Kansas City,22,46.8085106382979
54,Topeka,20,42.5531914893617
55,Lenexa,6,12.7659574468085
56,Kansas City,20,42.5531914893617
57,Topeka,7,14.8936170212766
58,Topeka,6,12.7659574468085
59,Topeka,23,48.936170212766
60,Topeka,5,10.6382978723404
61,Vermillion,5,10.6382978723404
62,Overland Park,7,14.8936170212766
63,Kansas City,6,22.2222222222222
64,Topeka,14,29.7872340425532
65,Topeka,8,17.0212765957447
66,Kansas City,8,17.0212765957447
67,Kansas City,5,10.6382978723404
68,Wellsville,21,44.6808510638298
69,Topeka,20,42.5531914893617
70,Topeka,15,31.9148936170213
71,Overland Park,16,44.4444444444444
72,Overland Park,5,10.6382978723404
73,Kansas City,10,21.2765957446808
74,Topeka,8,17.0212765957447
75,Topeka,8,17.0212765957447
76,Topeka,7,14.8936170212766
77,Ogden,5,10.6382978723404
78,Melvern,9,19.1489361702128
79,Kansas City,10,21.2765957446808
80,Topeka,8,17.0212765957447
81,Topeka,12,25.531914893617
82,Topeka,23,48.936170212766
83,Topeka,8,17.3913043478261
84,Kansas City,12,25.531914893617
85,Mc Louth,8,17.0212765957447
86,Overland Park,23,48.936170212766
87,Topeka,10,21.2765957446808
88,Topeka,5,10.6382978723404
89,Topeka,7,14.8936170212766
90,Topeka,5,11.9047619047619
91,Topeka,5,10.6382978723404
92,Topeka,9,19.1489361702128
93,Topeka,7,14.8936170212766
94,Admire,6,12.7659574468085
95,Scammon,8,17.0212765957447
96,Topeka,7,14.8936170212766
97,Topeka,11,23.4042553191489
98,Milford,13,27.6595744680851
99,Redfield,6,12.7659574468085
100,Topeka,5,13.5135135135135
101,Kansas City,5,10.6382978723404
102,Overland Park,20,42.5531914893617
103,Kansas City,10,21.2765957446808
104,Topeka,11,23.4042553191489
105,Topeka,11,23.4042553191489
106,Kansas City,6,12.7659574468085
107,Treece,8,18.1818181818182
108,Kansas City,7,14.8936170212766
109,Topeka,5,10.6382978723404
110,Topeka,6,12.7659574468085
111,Topeka,11,23.4042553191489
112,Kansas City,13,27.6595744680851
113,Topeka,19,40.4255319148936
114,Kansas City,5,10.6382978723404
115,Topeka,5,15.1515151515152
116,Blue Mound,7,14.8936170212766
117,Topeka,8,18.1818181818182
118,Kansas City,8,17.0212765957447
119,Topeka,10,21.2765957446808
120,Topeka,11,23.4042553191489
121,Topeka,5,10.6382978723404
122,Topeka,5,10.6382978723404
123,Topeka,7,14.8936170212766
124,Overland Park,6,12.7659574468085
125,Topeka,7,17.5
126,Highland,5,10.6382978723404
127,Topeka,10,21.7391304347826
128,Carbondale,5,10.6382978723404
129,Topeka,5,10.6382978723404
130,Fredonia,4,12.9032258064516
131,Topeka,5,10.6382978723404
132,Topeka,14,29.7872340425532
133,Topeka,9,19.1489361702128
134,Kansas City,14,29.7872340425532
135,Kansas City,18,38.2978723404255
136,Topeka,7,14.8936170212766
137,Topeka,9,19.5652173913043
138,Topeka,6,12.7659574468085
139,Topeka,7,14.8936170212766
140,Topeka,6,12.7659574468085
141,Overland Park,10,21.2765957446808
142,Topeka,6,12.7659574468085
143,Topeka,6,12.7659574468085
144,Greeley,5,10.6382978723404
145,Topeka,5,10.6382978723404
146,Topeka,15,31.9148936170213
147,Kansas City,9,19.1489361702128
148,Overland Park,8,17.0212765957447
149,Topeka,5,10.6382978723404
150,Kansas City,5,10.6382978723404
151,Kansas City,14,29.7872340425532
152,Topeka,5,10.6382978723404
153,Topeka,15,45.4545454545455
154,Topeka,11,23.4042553191489
155,Topeka,16,34.0425531914894
156,Topeka,6,12.7659574468085
157,Topeka,9,19.1489361702128
158,Topeka,5,10.6382978723404
159,Topeka,7,14.8936170212766
160,Overland Park,5,10.6382978723404
161,Topeka,8,28.5714285714286
162,Topeka,7,14.8936170212766
163,Topeka,6,12.7659574468085
164,Topeka,9,19.1489361702128
165,Topeka,14,29.7872340425532
166,Kansas City,16,34.0425531914894
167,Kansas City,5,10.6382978723404
168,Topeka,7,17.5
169,Topeka,11,23.4042553191489
170,Overland Park,12,25.531914893617
171,Kansas City,22,46.8085106382979
172,Topeka,7,14.8936170212766
173,Kansas City,14,38.8888888888889
174,Oketo,21,44.6808510638298
175,Overland Park,9,19.1489361702128
176,Kansas City,5,10.6382978723404
177,Kansas City,14,29.7872340425532
178,Topeka,5,10.6382978723404
179,Topeka,7,14.8936170212766
180,Topeka,11,23.4042553191489
181,Topeka,10,21.2765957446808
182,Topeka,6,12.7659574468085
183,Overland Park,5,10.6382978723404
184,Pomona,5,10.6382978723404
185,Topeka,8,17.0212765957447
186,Topeka,5,12.5
187,Topeka,18,38.2978723404255
188,Topeka,7,14.8936170212766
189,Topeka,6,12.7659574468085
190,Topeka,12,25.531914893617
191,Topeka,10,21.2765957446808
192,Topeka,19,40.4255319148936
193,Topeka,5,10.6382978723404
194,Topeka,5,10.6382978723404
195,Topeka,9,19.1489361702128
196,Topeka,9,21.9512195121951
197,Topeka,8,17.0212765957447
198,Quenemo,5,12.5
199,Topeka,5,10.6382978723404
200,Topeka,15,31.9148936170213
201,Topeka,9,19.5652173913043
202,Kansas City,23,48.936170212766
203,Topeka,5,10.6382978723404
204,Topeka,6,12.7659574468085
205,Topeka,10,21.2765957446808
206,Topeka,10,21.2765957446808
207,Topeka,5,10.6382978723404
208,Topeka,12,25.531914893617
209,Topeka,19,40.4255319148936
210,Topeka,7,14.8936170212766
211,Topeka,6,12.7659574468085
212,Garnett,7,14.8936170212766
213,Topeka,7,14.8936170212766
214,Topeka,5,10.6382978723404
215,Kansas City,6,12.7659574468085
216,Overland Park,22,46.8085106382979
217,Kansas City,5,10.6382978723404
218,Topeka,5,22.7272727272727
219,Topeka,8,17.0212765957447
220,Topeka,5,10.6382978723404
221,Topeka,16,34.0425531914894
222,White Cloud,21,44.6808510638298
223,Topeka,12,25.531914893617
224,Kansas City,6,12.7659574468085
225,Topeka,5,10.6382978723404
226,Topeka,8,17.0212765957447
227,Topeka,15,31.9148936170213
228,Topeka,13,27.6595744680851
229,Topeka,8,17.7777777777778
230,Topeka,11,23.4042553191489
231,Topeka,5,10.6382978723404
232,Kansas City,5,10.6382978723404
233,Topeka,5,10.6382978723404
234,Topeka,7,20
235,Robinson,15,31.9148936170213
236,Topeka,5,10.6382978723404
237,Topeka,7,14.8936170212766
238,Topeka,11,36.6666666666667
239,Overland Park,9,19.1489361702128
240,Topeka,9,19.1489361702128
241,Overland Park,22,46.8085106382979
242,Mission,5,10.6382978723404
243,Topeka,19,40.4255319148936
244,Overland Park,8,17.0212765957447
245,Kansas City,13,27.6595744680851
246,Topeka,11,23.4042553191489
247,Topeka,9,19.1489361702128
248,Topeka,7,14.8936170212766
249,Topeka,6,12.7659574468085
250,Randolph,5,10.6382978723404
251,Topeka,10,21.2765957446808
252,Topeka,4,11.4285714285714
253,Topeka,7,14.8936170212766
254,Kansas City,10,21.2765957446808
255,Topeka,6,12.7659574468085
256,Topeka,8,17.0212765957447
257,Kansas City,7,14.8936170212766
258,Kansas City,11,23.4042553191489
259,Topeka,15,34.0909090909091
260,Overland Park,14,29.7872340425532
261,Topeka,5,10.6382978723404
262,Overland Park,16,34.0425531914894
263,Kansas City,16,34.0425531914894
264,Kansas City,7,14.8936170212766
265,Topeka,11,23.4042553191489
266,Topeka,22,46.8085106382979
267,Topeka,9,25.7142857142857
268,Kansas City,5,10.6382978723404
269,Overland Park,22,46.8085106382979
270,Topeka,16,34.0425531914894
271,Topeka,16,34.0425531914894
272,Kansas City,6,13.3333333333333
273,Topeka,7,14.8936170212766
274,Overland Park,3,10.7142857142857
275,Topeka,11,27.5
276,Overland Park,17,47.2222222222222
277,Topeka,9,19.1489361702128
278,Topeka,6,12.7659574468085
279,Topeka,10,21.2765957446808
280,Topeka,5,10.6382978723404
281,Topeka,5,10.6382978723404
282,Topeka,8,17.0212765957447
283,Kansas City,7,14.8936170212766
284,Overland Park,13,27.6595744680851
285,Overland Park,8,17.0212765957447
286,Dwight,6,14.2857142857143
287,Seneca,5,10.6382978723404
288,Basehor,5,10.6382978723404
289,Topeka,16,34.0425531914894
290,Kansas City,10,21.2765957446808
291,Kansas City,14,30.4347826086957
292,Topeka,5,10.6382978723404
293,Topeka,5,11.6279069767442
294,Topeka,7,14.8936170212766
295,Topeka,7,14.8936170212766
296,Topeka,7,14.8936170212766
297,Topeka,5,10.6382978723404
298,Topeka,8,17.0212765957447
299,Topeka,5,10.6382978723404
300,Overland Park,5,10.6382978723404
301,Topeka,16,34.0425531914894
302,Overland Park,5,10.8695652173913
303,Topeka,22,46.8085106382979
304,Overland Park,5,10.6382978723404
305,Kansas City,5,10.6382978723404
306,Topeka,5,10.6382978723404
307,Seneca,5,10.6382978723404
308,Overland Park,5,10.6382978723404
309,Kansas City,20,42.5531914893617
310,Topeka,7,14.8936170212766
311,White Cloud,9,19.1489361702128
312,Kansas City,5,10.6382978723404
313,Kansas City,5,10.6382978723404
314,Sabetha,6,13.3333333333333
315,White Cloud,6,12.7659574468085
316,Topeka,21,44.6808510638298
317,Topeka,13,27.6595744680851
318,Baldwin City,11,23.4042553191489
319,Topeka,5,10.6382978723404
320,Overland Park,13,27.6595744680851
321,Leonardville,10,21.2765957446808
322,Topeka,18,38.2978723404255
323,Overland Park,5,10.6382978723404
324,Topeka,18,38.2978723404255
325,Kansas City,7,14.8936170212766
326,Topeka,8,17.0212765957447
327,Topeka,7,14.8936170212766
328,Topeka,5,10.6382978723404
329,Topeka,9,19.1489361702128
330,Topeka,7,14.8936170212766
331,Topeka,6,12.7659574468085
332,Topeka,11,27.5
333,Topeka,9,19.1489361702128
334,Topeka,16,34.0425531914894
335,Topeka,5,10.6382978723404
336,Topeka,16,34.7826086956522
337,Topeka,6,12.7659574468085
338,Topeka,6,12.7659574468085
339,Overland Park,7,14.8936170212766
340,Topeka,15,31.9148936170213
341,Topeka,22,46.8085106382979
342,Topeka,22,46.8085106382979
343,Overland Park,5,10.6382978723404
344,Topeka,17,36.1702127659575
345,Kansas City,6,12.7659574468085
346,Topeka,12,25.531914893617
347,Topeka,5,10.6382978723404
348,Kansas City,5,16.1290322580645
349,Kansas City,7,14.8936170212766
350,Redfield,5,10.6382978723404
351,Oneida,17,36.1702127659575
352,Kansas City,15,31.9148936170213
353,Overland Park,7,14.8936170212766
354,Topeka,5,10.6382978723404
355,Topeka,6,12.7659574468085
356,Overland Park,5,10.6382978723404
357,Topeka,8,17.0212765957447
358,Topeka,13,28.2608695652174
359,Kansas City,13,27.6595744680851
360,Topeka,14,29.7872340425532
361,Topeka,9,19.1489361702128
362,Overland Park,15,31.9148936170213
363,Topeka,6,12.7659574468085
364,Topeka,6,12.7659574468085
365,Topeka,6,12.7659574468085
366,Kansas City,5,10.6382978723404
367,Topeka,5,10.6382978723404
368,Overland Park,9,19.1489361702128
369,Topeka,5,10.6382978723404
370,Topeka,11,23.4042553191489
371,Kansas City,3,10
372,Kansas City,9,19.1489361702128
373,Shawnee,13,27.6595744680851
374,Topeka,12,25.531914893617
375,Topeka,5,10.6382978723404
376,Topeka,5,10.6382978723404
377,Topeka,5,10.6382978723404
378,Topeka,8,29.6296296296296
379,Topeka,18,38.2978723404255
380,Overland Park,7,14.8936170212766
381,Topeka,14,31.8181818181818
382,Kansas City,7,14.8936170212766
383,Kansas City,5,10.6382978723404
384,Topeka,11,34.375
385,Kansas City,7,14.8936170212766
386,Topeka,9,19.1489361702128
387,Topeka,5,10.6382978723404
388,Topeka,13,27.6595744680851
389,Topeka,7,14.8936170212766
390,Topeka,12,25.531914893617
391,Topeka,6,12.7659574468085
392,Topeka,7,14.8936170212766
393,Topeka,14,29.7872340425532
394,Shawnee,8,17.0212765957447
395,Topeka,17,36.1702127659575
396,Topeka,9,19.1489361702128
397,Valley Falls,5,10.6382978723404
398,Topeka,13,27.6595744680851
399,Kansas City,5,10.6382978723404
400,Overland Park,10,21.2765957446808
401,Topeka,6,12.7659574468085
402,Topeka,5,10.6382978723404
403,Lecompton,22,46.8085106382979
404,Kansas City,5,10.6382978723404
405,Topeka,11,23.4042553191489
406,Topeka,5,10.6382978723404
407,Topeka,5,10.6382978723404
408,Topeka,5,10.6382978723404
409,Topeka,9,25
410,Topeka,6,15.7894736842105
411,White Cloud,5,10.6382978723404
412,Topeka,6,12.7659574468085
413,Topeka,22,46.8085106382979
414,Topeka,11,23.4042553191489
415,Topeka,14,29.7872340425532
416,Kansas City,10,21.2765957446808
417,Arma,6,12.7659574468085
418,Topeka,5,10.6382978723404
419,Topeka,10,21.2765957446808
420,Topeka,16,34.0425531914894
421,Overland Park,16,34.0425531914894
422,Topeka,14,29.7872340425532
423,Topeka,8,17.0212765957447
424,White Cloud,19,40.4255319148936
425,Overland Park,7,14.8936170212766
426,Topeka,5,10.6382978723404
427,Topeka,8,17.0212765957447
428,Overland Park,6,12.7659574468085
429,Kansas City,5,10.6382978723404
430,Topeka,16,34.0425531914894
431,Elwood,8,17.0212765957447
432,Topeka,18,38.2978723404255
433,White Cloud,5,10.6382978723404
434,Topeka,14,29.7872340425532
435,Overland Park,5,10.6382978723404
436,Topeka,6,12.7659574468085
437,Topeka,13,27.6595744680851
438,Topeka,7,14.8936170212766
439,Topeka,9,19.1489361702128
440,Topeka,23,48.936170212766
441,Topeka,8,17.3913043478261
442,Kansas City,14,29.7872340425532
443,Topeka,6,13.0434782608696
444,Topeka,7,14.8936170212766
445,Topeka,8,17.0212765957447
446,Kansas City,5,10.6382978723404
447,Topeka,6,12.7659574468085
448,Overland Park,18,38.2978723404255
449,Topeka,5,10.6382978723404
450,Topeka,10,21.2765957446808
451,Kansas City,12,25.531914893617
452,Topeka,11,23.4042553191489
453,Topeka,7,14.8936170212766
454,Lawrence,19,40.4255319148936
455,Topeka,16,34.0425531914894
456,Overland Park,22,50
457,Kansas City,6,12.7659574468085
458,Topeka,5,14.2857142857143
459,Rantoul,12,25.531914893617
460,Topeka,13,27.6595744680851
461,Topeka,5,10.6382978723404
462,Kansas City,8,23.5294117647059
463,Mc Louth,6,13.953488372093
464,Overland Park,20,42.5531914893617
465,Topeka,6,12.7659574468085
466,Topeka,7,14.8936170212766
467,Lawrence,5,10.6382978723404
468,Topeka,14,29.7872340425532
469,Overland Park,19,40.4255319148936
470,Topeka,19,40.4255319148936
471,Topeka,7,14.8936170212766
472,Topeka,16,34.0425531914894
473,Overland Park,17,36.1702127659575
474,Belvue,6,12.7659574468085
475,Topeka,13,27.6595744680851
476,Topeka,5,11.3636363636364
477,Topeka,9,37.5
478,Topeka,14,29.7872340425532
479,Girard,6,12.7659574468085
480,Kansas City,23,48.936170212766
481,Kansas City,8,17.0212765957447
482,Kansas City,11,24.4444444444444
483,Topeka,7,14.8936170212766
484,Topeka,13,27.6595744680851
485,Topeka,10,21.2765957446808
486,Havensville,8,17.0212765957447
487,Topeka,7,14.8936170212766
488,White Cloud,4,10.5263157894737
489,Topeka,16,34.0425531914894
490,Topeka,12,25.531914893617
491,Moran,16,34.0425531914894
492,Topeka,18,38.2978723404255
493,Topeka,7,14.8936170212766
494,Topeka,13,27.6595744680851
495,Topeka,16,34.0425531914894
496,Topeka,11,25.5813953488372
497,Topeka,15,31.9148936170213
498,Topeka,9,19.1489361702128
499,Americus,9,19.1489361702128
500,Topeka,5,12.8205128205128
501,Topeka,8,20.5128205128205
502,Topeka,6,12.7659574468085
503,Topeka,5,10.6382978723404
504,Topeka,5,11.9047619047619
505,Topeka,6,12.7659574468085
506,Topeka,7,14.8936170212766
507,Hepler,7,14.8936170212766
508,Topeka,8,17.0212765957447
509,Opolis,12,25.531914893617
510,Kansas City,6,12.7659574468085
511,Topeka,14,29.7872340425532
512,Overland Park,12,25.531914893617
513,Topeka,21,47.7272727272727
514,Overland Park,12,25.531914893617
515,Topeka,5,10.6382978723404
516,Kansas City,14,29.7872340425532
517,Topeka,11,23.4042553191489
518,Overland Park,5,10.6382978723404
519,Kansas City,8,17.0212765957447
520,Topeka,6,12.7659574468085
521,Topeka,7,14.8936170212766
522,Topeka,5,10.8695652173913
523,Topeka,8,17.0212765957447
524,Kansas City,5,10.6382978723404
525,Overland Park,12,26.0869565217391
526,Topeka,7,14.8936170212766
527,Topeka,9,19.1489361702128
528,Topeka,8,17.0212765957447
529,Topeka,11,23.4042553191489
530,Topeka,6,12.7659574468085
531,Topeka,17,36.1702127659575
532,Topeka,3,10
533,Topeka,8,17.0212765957447
534,Overland Park,6,12.7659574468085
535,Kansas City,7,14.8936170212766
536,Topeka,5,10.6382978723404
537,New Albany,5,10.6382978723404
538,Topeka,5,10.6382978723404
539,Topeka,8,17.0212765957447
540,Topeka,7,14.8936170212766
541,Topeka,7,14.8936170212766
542,Topeka,6,12.7659574468085
543,Topeka,11,23.4042553191489
544,Topeka,7,14.8936170212766
545,Kansas City,5,11.1111111111111
546,Kansas City,6,12.7659574468085
547,Topeka,5,10.6382978723404
548,Topeka,8,17.0212765957447
549,Topeka,12,25.531914893617
550,Kansas City,6,12.7659574468085
551,Overland Park,6,12.7659574468085
552,Topeka,12,25.531914893617
553,Topeka,6,12.7659574468085
554,Topeka,9,19.1489361702128
555,Topeka,19,40.4255319148936
556,Kansas City,7,14.8936170212766
557,Topeka,22,46.8085106382979
558,Overland Park,20,42.5531914893617
559,Topeka,8,17.0212765957447
560,Topeka,12,25.531914893617
561,Topeka,10,21.2765957446808
562,Topeka,16,34.0425531914894
563,Topeka,6,12.7659574468085
564,Topeka,20,42.5531914893617
565,Kansas City,3,12
566,Overland Park,19,40.4255319148936
567,Kansas City,5,10.6382978723404
568,Topeka,10,21.2765957446808
569,Topeka,23,48.936170212766
570,Topeka,13,27.6595744680851
571,Topeka,7,14.8936170212766
572,Kansas City,6,12.7659574468085
573,Oneida,5,10.6382978723404
574,Topeka,7,14.8936170212766
575,Topeka,11,26.8292682926829
576,Topeka,6,12.7659574468085
577,Topeka,8,17.0212765957447
578,Topeka,11,23.4042553191489
579,White Cloud,5,11.1111111111111
580,Kansas City,13,27.6595744680851
581,Topeka,5,11.3636363636364
582,Topeka,5,10.6382978723404
583,Topeka,12,25.531914893617
584,Oneida,7,17.948717948718
585,Paxico,8,17.0212765957447
586,Topeka,9,19.1489361702128
587,White Cloud,10,21.2765957446808
588,Topeka,10,21.2765957446808
589,Topeka,6,12.7659574468085
590,Topeka,8,17.0212765957447
591,Topeka,19,40.4255319148936
592,Topeka,19,40.4255319148936
593,Overland Park,7,14.8936170212766
594,Topeka,7,14.8936170212766
595,Topeka,12,25.531914893617
596,Kansas City,10,21.2765957446808
597,Kansas City,14,29.7872340425532
598,Topeka,20,42.5531914893617
599,Kansas City,11,31.4285714285714
600,Topeka,5,10.6382978723404
601,Overland Park,5,10.6382978723404
602,Overland Park,8,17.0212765957447
603,Kansas City,5,10.6382978723404
604,Topeka,7,14.8936170212766
605,Fulton,5,10.6382978723404
606,Kansas City,12,25.531914893617
607,Topeka,6,12.7659574468085
608,Topeka,12,25.531914893617
609,Topeka,5,10.6382978723404
610,Topeka,17,36.1702127659575
611,White Cloud,9,19.1489361702128
612,Kansas City,19,43.1818181818182
613,Topeka,6,22.2222222222222
614,White Cloud,11,23.4042553191489
615,Topeka,18,38.2978723404255
616,Topeka,5,10.6382978723404
617,Topeka,10,21.2765957446808
618,Edgerton,16,34.0425531914894
619,Topeka,10,22.2222222222222
620,Topeka,14,29.7872340425532
621,Kansas City,5,10.6382978723404
622,Overland Park,8,17.0212765957447
623,Kansas City,7,14.8936170212766
624,Scranton,9,19.1489361702128
625,Topeka,5,10.6382978723404
626,Buffalo,5,10.6382978723404
627,Overland Park,7,18.9189189189189
628,Topeka,14,29.7872340425532
629,Kansas City,20,42.5531914893617
630,Topeka,22,46.8085106382979
631,Kansas City,15,31.9148936170213
632,Topeka,6,12.7659574468085
633,Topeka,13,27.6595744680851
634,Topeka,12,25.531914893617
635,Topeka,10,21.2765957446808
636,Neosho Falls,10,21.2765957446808
637,Kansas City,9,19.1489361702128
638,Topeka,5,10.6382978723404
639,Kansas City,6,12.7659574468085
640,Overland Park,8,18.1818181818182
641,Topeka,11,23.4042553191489
642,Topeka,7,14.8936170212766
643,Topeka,8,17.0212765957447
644,Topeka,12,25.531914893617
645,Topeka,5,10.6382978723404
646,Topeka,5,10.6382978723404
647,Overland Park,6,12.7659574468085
648,Topeka,10,21.2765957446808
649,Mulberry,19,43.1818181818182
650,Saint George,6,12.7659574468085
651,Overland Park,5,10.6382978723404
652,Kansas City,6,12.7659574468085
653,Topeka,12,25.531914893617
654,Overland Park,9,19.5652173913043
655,Topeka,17,36.1702127659575
656,Topeka,14,29.7872340425532
657,Topeka,14,29.7872340425532
658,Kansas City,6,12.7659574468085
659,Topeka,5,11.1111111111111
660,Overland Park,5,10.6382978723404
661,Topeka,6,12.7659574468085
662,Topeka,5,10.6382978723404
663,Topeka,8,17.0212765957447
664,Topeka,6,12.7659574468085
665,Topeka,12,25.531914893617
666,Topeka,11,23.4042553191489
667,Topeka,14,29.7872340425532
668,Topeka,9,19.1489361702128
669,Topeka,10,21.2765957446808
670,Topeka,5,10.6382978723404
671,Topeka,5,10.8695652173913
672,Kansas City,5,10.6382978723404
673,Topeka,5,10.6382978723404
674,White Cloud,6,12.7659574468085
675,Topeka,5,10.6382978723404
676,Topeka,6,12.7659574468085
677,Topeka,20,42.5531914893617
678,Kansas City,5,10.6382978723404
679,Topeka,18,38.2978723404255
680,Topeka,5,10.6382978723404
681,Topeka,5,10.6382978723404
682,Topeka,19,40.4255319148936
683,Lenexa,9,26.4705882352941
684,Topeka,9,19.1489361702128
685,Topeka,3,12.5
686,Topeka,8,17.0212765957447
687,Topeka,6,12.7659574468085
688,Cummings,5,10.6382978723404
689,Topeka,7,14.8936170212766
690,Overland Park,5,10.6382978723404
691,Topeka,10,21.2765957446808
692,Topeka,10,21.2765957446808
693,Kansas City,16,34.0425531914894
694,Topeka,5,10.6382978723404
695,Overland Park,6,12.7659574468085
696,Topeka,5,10.6382978723404
697,White Cloud,14,29.7872340425532
698,Overland Park,6,12.7659574468085
699,Topeka,8,17.0212765957447
700,Topeka,8,17.0212765957447
701,Topeka,7,14.8936170212766
702,Williamsburg,14,29.7872340425532
703,Topeka,6,12.7659574468085
704,Overland Park,7,14.8936170212766
705,Topeka,7,14.8936170212766
706,Topeka,21,44.6808510638298
707,Overland Park,9,19.1489361702128
708,Topeka,8,17.0212765957447
709,Topeka,5,10.8695652173913
710,Topeka,15,31.9148936170213
711,Topeka,5,10.6382978723404
712,Topeka,10,21.2765957446808
713,Paola,7,14.8936170212766
714,Topeka,5,10.6382978723404
715,Overland Park,7,14.8936170212766
716,Topeka,5,10.6382978723404
717,Topeka,5,10.6382978723404
718,Topeka,13,27.6595744680851
719,Topeka,5,10.6382978723404
720,Topeka,9,23.0769230769231
721,Kansas City,11,23.4042553191489
722,Beattie,6,12.7659574468085
723,Parker,22,46.8085106382979
724,Overland Park,21,48.8372093023256
725,Topeka,11,23.4042553191489
726,Topeka,7,14.8936170212766
727,Topeka,5,10.6382978723404
728,Potter,13,28.2608695652174
729,Topeka,12,25.531914893617
730,Topeka,6,12.7659574468085
731,White Cloud,13,30.2325581395349
732,Topeka,5,10.6382978723404
733,Topeka,13,27.6595744680851
734,Topeka,16,34.0425531914894
735,Topeka,9,28.125
736,Topeka,12,25.531914893617
737,Topeka,6,12.7659574468085
738,Topeka,9,19.1489361702128
739,Kansas City,6,12.7659574468085
740,Topeka,12,46.1538461538462
741,Kansas City,5,11.3636363636364
742,Uniontown,7,14.8936170212766
743,Overland Park,6,12.7659574468085
744,Topeka,5,10.6382978723404
745,Topeka,14,29.7872340425532
746,Olathe,11,23.4042553191489
747,Topeka,5,10.6382978723404
748,Topeka,15,31.9148936170213
749,Topeka,11,37.9310344827586
750,Topeka,15,36.5853658536585
751,Overland Park,5,10.6382978723404
752,Topeka,8,17.0212765957447
753,Kansas City,6,13.3333333333333
754,Topeka,7,14.8936170212766
755,Kansas City,10,21.2765957446808
756,Topeka,20,42.5531914893617
757,Topeka,14,29.7872340425532
758,Overland Park,6,12.7659574468085
759,Topeka,16,34.0425531914894
760,Topeka,8,17.0212765957447
761,Topeka,7,14.8936170212766
762,Topeka,5,10.6382978723404
763,Topeka,8,17.0212765957447
764,Topeka,5,10.6382978723404
765,Topeka,7,15.9090909090909
766,Topeka,13,27.6595744680851
767,Topeka,7,14.8936170212766
768,Topeka,13,27.6595744680851
769,Topeka,6,12.7659574468085
770,Topeka,11,40.7407407407407
771,Topeka,14,29.7872340425532
772,Topeka,7,14.8936170212766
773,Kansas City,7,14.8936170212766
774,Topeka,14,29.7872340425532
775,Olathe,6,13.0434782608696
776,Corning,16,34.0425531914894
777,Topeka,16,34.0425531914894
778,Topeka,17,36.1702127659575
779,Topeka,5,10.6382978723404
780,Overland Park,5,10.6382978723404
781,Topeka,13,27.6595744680851
782,Topeka,4,10.2564102564103
783,Topeka,23,48.936170212766
784,Overland Park,8,17.0212765957447
785,Fostoria,5,10.6382978723404
786,Topeka,13,27.6595744680851
787,Kansas City,19,40.4255319148936
788,Topeka,10,21.2765957446808
789,Topeka,23,48.936170212766
790,Topeka,7,14.8936170212766
791,Kansas City,6,12.7659574468085
792,Topeka,11,23.4042553191489
793,Topeka,11,23.4042553191489
794,Topeka,21,44.6808510638298
795,Topeka,7,14.8936170212766
796,Topeka,12,27.2727272727273
797,Arma,6,12.7659574468085
798,Kansas City,18,38.2978723404255
799,Topeka,5,10.6382978723404
800,Topeka,13,27.6595744680851
801,Effingham,8,17.0212765957447
802,Topeka,21,44.6808510638298
803,Topeka,7,14.8936170212766
804,Bendena,15,31.9148936170213
805,Kansas City,8,17.0212765957447
806,Topeka,18,38.2978723404255
807,Topeka,6,12.7659574468085
808,Topeka,18,42.8571428571429
809,Topeka,17,36.1702127659575
810,Topeka,11,23.4042553191489
811,Iola,20,42.5531914893617
812,Topeka,18,38.2978723404255
813,Overland Park,6,12.7659574468085
814,Topeka,5,10.6382978723404
815,Topeka,8,17.0212765957447
816,Topeka,6,20
817,White Cloud,12,25.531914893617
818,Topeka,7,14.8936170212766
819,Topeka,9,19.1489361702128
820,Topeka,4,11.4285714285714
821,Topeka,6,12.7659574468085
822,Overland Park,7,14.8936170212766
823,Kansas City,5,10.6382978723404
824,Topeka,5,10.6382978723404
825,Topeka,7,14.8936170212766
826,Kansas City,5,10.6382978723404
827,Parker,6,12.7659574468085
828,Topeka,11,23.4042553191489
829,Topeka,11,28.9473684210526
830,Topeka,8,17.0212765957447
831,Topeka,7,15.2173913043478
832,Kansas City,5,10.6382978723404
833,Topeka,6,12.7659574468085
834,Topeka,15,31.9148936170213
835,Kansas City,5,10.6382978723404
836,Topeka,6,12.7659574468085
837,Topeka,6,12.7659574468085
838,Kansas City,5,10.6382978723404
839,Kansas City,6,12.7659574468085
840,Kansas City,9,19.1489361702128
841,Overland Park,14,29.7872340425532
842,Topeka,5,10.6382978723404
843,Topeka,9,19.1489361702128
844,Horton,8,17.0212765957447
845,Topeka,6,12.7659574468085
846,Topeka,6,12.7659574468085
847,Topeka,6,12.7659574468085
848,Topeka,7,14.8936170212766
849,Lansing,7,14.8936170212766
850,Topeka,6,12.7659574468085
851,Topeka,7,14.8936170212766
852,Kansas City,13,31.7073170731707
853,Overland Park,17,36.1702127659575
854,Topeka,17,36.1702127659575
855,Topeka,11,23.4042553191489
856,Kansas City,19,40.4255319148936
857,Topeka,12,25.531914893617
858,Topeka,5,10.6382978723404
859,Topeka,14,29.7872340425532
860,Overland Park,5,10.6382978723404
861,Topeka,6,12.7659574468085
862,Kansas City,8,17.0212765957447
863,Overland Park,5,10.6382978723404
864,Topeka,8,18.6046511627907
865,Topeka,7,14.8936170212766
866,Topeka,6,12.7659574468085
867,Topeka,13,27.6595744680851
868,Topeka,6,12.7659574468085
869,Overland Park,6,12.7659574468085
870,Kansas City,5,10.6382978723404
871,Topeka,7,14.8936170212766
872,Topeka,6,12.7659574468085
873,Topeka,8,17.0212765957447
874,Topeka,5,10.6382978723404
875,Topeka,7,14.8936170212766
876,Topeka,19,40.4255319148936
877,Topeka,8,17.0212765957447
878,Kansas City,12,25.531914893617
879,Burlingame,10,21.2765957446808
880,Topeka,11,23.4042553191489
881,Topeka,9,20.9302325581395
882,Horton,7,14.8936170212766
883,Kansas City,10,21.2765957446808
884,Topeka,6,12.7659574468085
885,White Cloud,22,46.8085106382979
886,Topeka,7,14.8936170212766
887,Overland Park,6,12.7659574468085
888,Topeka,5,10.6382978723404
889,Kansas City,12,25.531914893617
890,Topeka,13,27.6595744680851
891,Topeka,11,23.4042553191489
892,Overland Park,6,12.7659574468085
893,Topeka,5,10.6382978723404
894,Topeka,5,10.6382978723404
895,Topeka,5,10.6382978723404
896,Topeka,5,10.6382978723404
897,Topeka,10,21.2765957446808
898,Topeka,6,12.7659574468085
899,Topeka,5,10.6382978723404
900,Kansas City,7,14.8936170212766
901,Topeka,6,12.7659574468085
902,Kansas City,6,12.7659574468085
903,Topeka,5,10.6382978723404
904,Topeka,5,10.6382978723404
905,Topeka,9,19.1489361702128
906,Fontana,7,14.8936170212766
907,Topeka,5,10.6382978723404
908,Topeka,11,23.4042553191489
909,Topeka,13,27.6595744680851
910,Topeka,17,36.1702127659575
911,Topeka,13,27.6595744680851
912,Topeka,7,16.2790697674419
913,Mound City,6,12.7659574468085
914,Kansas City,8,17.0212765957447
915,Topeka,6,19.3548387096774
916,Topeka,7,14.8936170212766
917,Shawnee,10,21.2765957446808
918,Topeka,6,13.953488372093
919,Topeka,12,25.531914893617
920,Kansas City,12,30
921,Topeka,10,21.2765957446808
922,Overland Park,6,30
923,Topeka,6,15.3846153846154
924,Topeka,14,29.7872340425532
925,Topeka,9,19.1489361702128
926,Topeka,6,12.7659574468085
927,Topeka,13,27.6595744680851
928,Topeka,12,25.531914893617
929,Overland Park,7,14.8936170212766
930,Topeka,7,14.8936170212766
931,Topeka,16,34.0425531914894
932,Topeka,6,12.7659574468085
933,Overland Park,10,21.2765957446808
934,Topeka,20,42.5531914893617
935,Topeka,6,12.7659574468085
936,Beattie,9,19.1489361702128
937,Farlington,6,12.7659574468085
938,Topeka,10,21.2765957446808
939,Topeka,8,17.0212765957447
940,Topeka,7,14.8936170212766
941,Burns,5,10.6382978723404
942,Topeka,12,25.531914893617
943,Kansas City,5,10.6382978723404
944,Topeka,5,10.6382978723404
945,Topeka,23,48.936170212766
946,Kansas City,9,19.1489361702128
947,Topeka,9,19.1489361702128
948,Topeka,7,14.8936170212766
949,Topeka,7,14.8936170212766
950,Topeka,6,12.7659574468085
951,Kansas City,5,10.6382978723404
952,Topeka,9,19.1489361702128
953,Perry,7,14.8936170212766
954,Topeka,5,10.6382978723404
955,Topeka,8,17.0212765957447
956,Topeka,9,19.1489361702128
957,Topeka,10,21.2765957446808
958,Walnut,12,25.531914893617
959,Overland Park,6,13.953488372093
960,Topeka,8,17.0212765957447
961,Topeka,8,17.0212765957447
962,Kansas City,13,27.6595744680851
963,Topeka,11,32.3529411764706
964,Topeka,5,10.6382978723404
965,Topeka,6,14.6341463414634
966,Topeka,9,19.1489361702128
967,Topeka,5,10.6382978723404
968,Topeka,17,36.1702127659575
969,Topeka,6,12.7659574468085
970,Overland Park,3,13.0434782608696
971,Topeka,5,10.6382978723404
972,Topeka,7,14.8936170212766
973,Topeka,13,37.1428571428571
974,Topeka,5,10.6382978723404
975,Mc Cune,12,25.531914893617
976,Kansas City,21,44.6808510638298
977,Topeka,9,19.1489361702128
978,Topeka,7,14.8936170212766
979,Topeka,5,10.6382978723404
980,Louisburg,8,17.0212765957447
981,Erie,6,12.7659574468085
982,Topeka,16,34.0425531914894
983,Kansas City,5,10.6382978723404
984,Topeka,8,17.3913043478261
985,Kansas City,9,19.1489361702128
986,Scammon,15,31.9148936170213
987,Kincaid,5,10.6382978723404
988,Topeka,13,39.3939393939394
989,Overland Park,5,10.6382978723404
990,Kansas City,9,19.1489361702128
991,Overland Park,15,31.9148936170213
992,Topeka,21,44.6808510638298
993,Topeka,7,14.8936170212766
994,Kansas City,7,14.8936170212766
995,Topeka,5,10.6382978723404
996,Overland Park,10,21.2765957446808
997,Topeka,9,19.1489361702128
998,Topeka,6,12.7659574468085
999,Kansas City,11,23.4042553191489
